,time,open,high,low,close,tick_volume,spread,real_volume
0,2020-01-02,1517.97,1531.39,1517.23,1528.81,117976,2,0
1,2020-01-03,1527.43,1553.57,1527.43,1551.64,176676,2,0
2,2020-01-06,1558.55,1588.0,1558.55,1565.78,179638,2,0
3,2020-01-07,1564.34,1577.33,1555.34,1573.41,159798,2,0
4,2020-01-08,1576.72,1611.39,1552.26,1555.94,251766,2,0
5,2020-01-09,1556.99,1561.34,1540.27,1552.18,149275,2,0
6,2020-01-10,1552.45,1563.18,1545.75,1562.3,120258,2,0
7,2020-01-13,1559.33,1561.49,1546.58,1547.96,97541,2,0
8,2020-01-14,1547.72,1548.89,1535.95,1546.23,128493,2,0
9,2020-01-15,1546.27,1558.19,1545.98,1556.3,116001,2,0
10,2020-01-16,1556.38,1558.11,1548.04,1552.42,93428,2,0
11,2020-01-17,1552.63,1561.28,1549.42,1557.12,90815,2,0
12,2020-01-20,1557.23,1562.76,1556.37,1560.7,43676,2,0
13,2020-01-21,1560.85,1568.63,1546.38,1558.17,124295,2,0
14,2020-01-22,1558.79,1559.28,1550.2,1558.79,89764,2,0
15,2020-01-23,1558.63,1567.97,1551.94,1562.79,124840,2,0
16,2020-01-24,1562.49,1575.83,1556.56,1571.42,115473,2,0
17,2020-01-27,1581.21,1588.51,1575.9,1581.86,161369,2,0
18,2020-01-28,1581.58,1583.07,1565.57,1567.88,126782,2,0
19,2020-01-29,1566.89,1578.04,1563.4,1576.76,111605,2,0
20,2020-01-30,1576.07,1585.99,1572.3,1573.89,163998,2,0
21,2020-01-31,1574.27,1590.44,1570.98,1589.17,161424,2,0
22,2020-02-03,1593.12,1593.63,1569.7,1576.67,156669,2,0
23,2020-02-04,1577.23,1579.68,1549.08,1552.7,132552,2,0
24,2020-02-05,1552.59,1562.42,1547.51,1556.61,153605,2,0
25,2020-02-06,1556.07,1568.28,1552.54,1566.61,128638,2,0
26,2020-02-07,1566.43,1574.05,1561.17,1570.25,138997,2,0
27,2020-02-10,1572.04,1577.03,1568.0,1572.06,127690,2,0
28,2020-02-11,1571.83,1574.05,1562.16,1567.79,105885,2,0
29,2020-02-12,1567.59,1570.48,1561.81,1565.8,97150,2,0
30,2020-02-13,1566.15,1578.28,1565.59,1575.94,138683,2,0
31,2020-02-14,1575.96,1584.99,1573.08,1583.98,106363,2,0
32,2020-02-17,1581.52,1583.79,1578.9,1581.15,44816,2,0
33,2020-02-18,1584.48,1605.13,1582.43,1601.41,126991,2,0
34,2020-02-19,1601.51,1612.95,1599.53,1611.6,124855,2,0
35,2020-02-20,1612.22,1623.75,1603.92,1619.25,187055,2,0
36,2020-02-21,1619.81,1649.27,1618.98,1643.32,201597,2,0
37,2020-02-24,1653.32,1689.35,1650.9,1658.63,274238,0,0
38,2020-02-25,1659.09,1663.9,1625.17,1635.19,305295,2,0
39,2020-02-26,1635.24,1655.02,1624.89,1640.6,262048,2,0
40,2020-02-27,1640.97,1660.37,1635.27,1643.92,283656,2,0
41,2020-02-28,1643.34,1649.5,1562.89,1585.67,300886,2,0
42,2020-03-02,1591.59,1611.04,1575.41,1589.58,308209,2,0
43,2020-03-03,1585.29,1649.28,1584.83,1640.88,240598,2,0
44,2020-03-04,1639.88,1652.6,1631.89,1636.49,206415,2,0
45,2020-03-05,1637.52,1674.62,1634.97,1672.48,218596,2,0
46,2020-03-06,1672.49,1692.16,1642.41,1674.25,294403,2,0
47,2020-03-09,1691.8,1703.29,1657.35,1678.95,227496,2,0
48,2020-03-10,1679.71,1680.35,1641.77,1649.18,257696,2,0
49,2020-03-11,1649.26,1671.25,1633.02,1635.91,205642,2,0
50,2020-03-12,1634.1,1650.37,1560.76,1578.14,234848,2,0
51,2020-03-13,1578.53,1597.96,1504.52,1528.79,229314,2,0
52,2020-03-16,1563.8,1575.33,1451.22,1510.21,270219,2,0
53,2020-03-17,1512.0,1554.02,1465.49,1528.56,243265,2,0
54,2020-03-18,1527.41,1546.3,1472.88,1485.28,218659,2,0
55,2020-03-19,1484.88,1500.74,1464.08,1472.22,198784,2,0
56,2020-03-20,1469.61,1515.97,1454.94,1496.77,186413,2,0
57,2020-03-23,1502.5,1561.19,1482.35,1552.59,212517,2,0
58,2020-03-24,1554.26,1632.64,1552.45,1626.73,96151,2,0
59,2020-03-25,1628.64,1639.34,1592.62,1616.7,72809,2,0
60,2020-03-26,1613.39,1644.02,1595.29,1628.98,69348,0,0
61,2020-03-27,1631.14,1635.27,1613.78,1621.61,76915,2,0
62,2020-03-30,1628.16,1632.98,1610.4,1620.27,72794,2,0
63,2020-03-31,1621.99,1623.41,1574.32,1576.22,93985,2,0
64,2020-04-01,1575.06,1600.39,1567.84,1591.02,95203,2,0
65,2020-04-02,1589.06,1619.82,1582.84,1611.64,111152,2,0
66,2020-04-03,1613.23,1625.3,1605.87,1615.72,89698,2,0
67,2020-04-06,1615.04,1668.62,1608.77,1657.68,95796,2,0
68,2020-04-07,1660.98,1674.02,1642.29,1648.12,98656,0,0
69,2020-04-08,1645.17,1656.48,1640.45,1645.81,79178,2,0
70,2020-04-09,1644.45,1690.27,1642.83,1683.04,114840,0,0
71,2020-04-13,1685.54,1722.59,1671.74,1713.29,97237,2,0
72,2020-04-14,1712.81,1747.81,1708.69,1726.96,141670,2,0
73,2020-04-15,1727.82,1731.2,1707.52,1716.59,121129,2,0
74,2020-04-16,1717.2,1738.76,1707.65,1718.77,136753,2,0
75,2020-04-17,1719.4,1719.4,1679.49,1681.46,142681,2,0
76,2020-04-20,1678.93,1702.47,1671.49,1694.77,134557,2,0
77,2020-04-21,1694.54,1697.82,1659.45,1683.43,131103,2,0
78,2020-04-22,1686.23,1718.63,1680.28,1714.65,147206,2,0
79,2020-04-23,1713.09,1738.68,1706.93,1730.39,150369,2,0
80,2020-04-24,1730.61,1736.29,1710.35,1726.58,130635,2,0
81,2020-04-27,1726.08,1727.27,1706.07,1715.13,140784,2,0
82,2020-04-28,1713.34,1716.53,1691.74,1708.52,162292,2,0
83,2020-04-29,1706.5,1717.3,1697.85,1712.81,138066,2,0
84,2020-04-30,1711.95,1721.76,1681.41,1687.0,147171,2,0
85,2020-05-01,1685.18,1705.47,1670.32,1699.2,201101,2,0
86,2020-05-04,1697.67,1713.49,1691.6,1701.44,105463,2,0
87,2020-05-05,1701.43,1711.67,1689.92,1705.55,104362,2,0
88,2020-05-06,1705.49,1708.14,1682.05,1685.52,105061,2,0
89,2020-05-07,1682.01,1722.01,1681.47,1716.19,115335,2,0
90,2020-05-08,1715.12,1723.35,1701.0,1701.5,121500,2,0
91,2020-05-11,1701.09,1712.15,1691.99,1697.49,117361,2,0
92,2020-05-12,1696.14,1711.01,1693.75,1701.95,121442,2,0
93,2020-05-13,1701.98,1718.02,1699.09,1715.87,149586,2,0
94,2020-05-14,1716.02,1736.47,1710.87,1730.12,129666,2,0
95,2020-05-15,1729.35,1751.63,1728.51,1742.73,145733,2,0
96,2020-05-18,1744.29,1765.31,1727.38,1732.25,149754,2,0
97,2020-05-19,1730.69,1747.86,1725.74,1744.61,146206,2,0
98,2020-05-20,1744.64,1753.87,1742.42,1747.78,138564,2,0
99,2020-05-21,1746.99,1748.81,1717.12,1727.03,139807,2,0
100,2020-05-22,1725.7,1740.17,1724.36,1735.41,109665,2,0
101,2020-05-25,1731.74,1734.85,1721.39,1727.65,55366,2,0
102,2020-05-26,1727.16,1735.5,1708.7,1709.68,115993,2,0
103,2020-05-27,1709.03,1716.02,1693.7,1709.22,116474,2,0
104,2020-05-28,1710.46,1727.52,1704.36,1718.86,120590,2,0
105,2020-05-29,1716.81,1737.72,1712.67,1729.81,113717,2,0
106,2020-06-01,1735.05,1744.6,1727.15,1739.79,116651,2,0
107,2020-06-02,1738.93,1745.17,1721.33,1727.44,113364,2,0
108,2020-06-03,1726.05,1731.8,1689.42,1698.46,143793,2,0
109,2020-06-04,1698.54,1721.86,1696.71,1713.35,129546,2,0
110,2020-06-05,1712.71,1716.24,1670.72,1684.27,150067,2,0
111,2020-06-08,1682.73,1700.68,1677.37,1698.2,130457,2,0
112,2020-06-09,1696.99,1720.85,1692.26,1714.27,146636,2,0
113,2020-06-10,1712.72,1739.76,1707.89,1738.19,136191,2,0
114,2020-06-11,1736.97,1744.67,1721.57,1726.96,154843,2,0
115,2020-06-12,1727.19,1743.04,1722.23,1729.83,138935,2,0
116,2020-06-15,1726.8,1734.49,1704.22,1724.7,154235,0,0
117,2020-06-16,1724.63,1732.81,1716.77,1727.44,148100,2,0
118,2020-06-17,1726.37,1730.32,1712.65,1726.54,114070,2,0
119,2020-06-18,1725.6,1737.5,1717.54,1722.12,121501,2,0
120,2020-06-19,1720.97,1745.19,1720.97,1743.08,114722,2,0
121,2020-06-22,1753.02,1763.07,1742.78,1754.7,141855,2,0
122,2020-06-23,1753.74,1770.99,1747.37,1766.97,133495,2,0
123,2020-06-24,1767.21,1779.22,1760.62,1761.4,149757,2,0
124,2020-06-25,1760.31,1768.86,1753.34,1764.05,127602,2,0
125,2020-06-26,1763.3,1771.84,1747.43,1770.38,123640,2,0
126,2020-06-29,1775.42,1775.42,1765.57,1772.94,111632,2,0
127,2020-06-30,1771.13,1786.12,1764.67,1780.44,100989,2,0
128,2020-07-01,1780.2,1789.08,1759.07,1770.12,125717,2,0
129,2020-07-02,1769.86,1779.5,1757.44,1775.32,102912,2,0
130,2020-07-03,1774.25,1777.11,1772.58,1773.64,40750,2,0
131,2020-07-06,1773.42,1786.99,1770.0,1784.2,92301,2,0
132,2020-07-07,1783.23,1797.37,1773.52,1794.74,102932,2,0
133,2020-07-08,1794.78,1817.97,1791.48,1808.61,103118,2,0
134,2020-07-09,1808.05,1815.95,1795.48,1802.86,113514,2,0
135,2020-07-10,1801.07,1810.56,1794.07,1798.51,97246,2,0
136,2020-07-13,1795.97,1813.31,1795.97,1802.49,111207,2,0
137,2020-07-14,1802.08,1810.86,1790.6,1809.31,121908,2,0
138,2020-07-15,1807.95,1815.06,1802.46,1810.25,97085,2,0
139,2020-07-16,1810.01,1813.26,1794.92,1796.49,92404,2,0
140,2020-07-17,1796.85,1811.99,1795.82,1809.38,78152,2,0
141,2020-07-20,1808.99,1820.57,1805.71,1817.24,100165,2,0
142,2020-07-21,1817.64,1843.48,1815.84,1841.49,121245,2,0
143,2020-07-22,1839.61,1872.0,1839.61,1871.91,183463,2,0
144,2020-07-23,1870.91,1898.38,1863.71,1887.01,194046,2,0
145,2020-07-24,1886.44,1906.54,1881.37,1901.48,146128,2,0
146,2020-07-27,1901.38,1945.64,1899.57,1941.54,208209,2,0
147,2020-07-28,1941.3,1981.14,1906.62,1960.85,221070,2,0
148,2020-07-29,1955.45,1980.91,1941.45,1970.38,150203,2,0
149,2020-07-30,1969.58,1971.58,1939.52,1957.0,165911,2,0
150,2020-07-31,1954.75,1983.07,1954.75,1975.24,174498,2,0
151,2020-08-03,1978.48,1987.68,1960.49,1976.76,136443,2,0
152,2020-08-04,1976.35,2019.95,1967.41,2018.53,141510,2,0
153,2020-08-05,2018.77,2055.58,2009.51,2038.14,189414,2,0
154,2020-08-06,2038.47,2069.67,2034.52,2063.14,170363,2,0
155,2020-08-07,2063.46,2075.24,2015.49,2034.72,208750,2,0
156,2020-08-10,2033.77,2049.91,2018.99,2027.82,157659,2,0
157,2020-08-11,2026.82,2030.01,1901.32,1911.83,240979,2,0
158,2020-08-12,1911.48,1949.3,1862.6,1916.36,234729,2,0
159,2020-08-13,1915.19,1966.3,1912.81,1953.24,194558,2,0
160,2020-08-14,1952.66,1962.19,1932.17,1943.98,166392,2,0
161,2020-08-17,1946.27,1990.69,1929.39,1984.25,160212,2,0
162,2020-08-18,1984.54,2015.7,1976.01,2001.8,179025,2,0
163,2020-08-19,2002.01,2006.45,1924.69,1928.4,206432,2,0
164,2020-08-20,1928.62,1955.23,1924.77,1945.62,201190,2,0
165,2020-08-21,1946.87,1955.88,1911.47,1940.27,178053,2,0
166,2020-08-24,1940.19,1961.77,1923.71,1928.72,152299,2,0
167,2020-08-25,1928.84,1937.51,1914.27,1928.09,150521,2,0
168,2020-08-26,1931.97,1954.84,1902.78,1953.47,153435,2,0
169,2020-08-27,1954.21,1976.71,1909.93,1929.03,177890,2,0
170,2020-08-28,1929.03,1973.83,1923.14,1963.99,170229,2,0
171,2020-08-31,1965.47,1976.64,1954.24,1967.63,144631,2,0
172,2020-09-01,1967.06,1992.41,1963.12,1970.88,159751,2,0
173,2020-09-02,1969.3,1973.25,1932.6,1943.51,162673,2,0
174,2020-09-03,1942.15,1951.03,1921.71,1930.7,165906,2,0
175,2020-09-04,1931.34,1947.67,1916.36,1933.06,162870,2,0
176,2020-09-07,1929.84,1941.32,1924.3,1928.21,76998,2,0
177,2020-09-08,1929.15,1940.89,1906.41,1931.4,155803,2,0
178,2020-09-09,1932.16,1950.86,1920.04,1946.97,122115,2,0
179,2020-09-10,1946.38,1966.6,1941.39,1946.11,142461,2,0
180,2020-09-11,1944.79,1954.76,1937.19,1940.2,127178,2,0
181,2020-09-14,1940.43,1962.75,1936.52,1956.46,106720,2,0
182,2020-09-15,1956.74,1972.17,1948.36,1953.66,120781,2,0
183,2020-09-16,1952.82,1973.58,1949.85,1959.86,136896,2,0
184,2020-09-17,1958.94,1960.95,1932.84,1944.29,150225,2,0
185,2020-09-18,1944.09,1960.06,1943.64,1950.04,116790,2,0
186,2020-09-21,1949.45,1955.58,1882.19,1912.4,173317,2,0
187,2020-09-22,1912.36,1920.03,1894.57,1900.39,169798,2,0
188,2020-09-23,1900.03,1905.31,1855.78,1863.4,199318,2,0
189,2020-09-24,1863.22,1877.08,1848.73,1868.41,200379,2,0
190,2020-09-25,1868.06,1875.17,1852.41,1860.28,160629,2,0
191,2020-09-28,1857.97,1883.05,1848.41,1881.78,146722,2,0
192,2020-09-29,1880.94,1899.16,1875.44,1897.02,136679,2,0
193,2020-09-30,1898.0,1902.26,1881.36,1885.55,152262,2,0
194,2020-10-01,1885.26,1911.97,1884.69,1904.96,155264,2,0
195,2020-10-02,1905.15,1917.07,1889.76,1899.24,137236,2,0
196,2020-10-05,1904.97,1918.81,1887.01,1913.35,113045,2,0
197,2020-10-06,1912.67,1921.02,1874.61,1875.0,129730,2,0
198,2020-10-07,1878.44,1898.05,1872.86,1887.93,145954,2,0
199,2020-10-08,1886.93,1900.68,1881.92,1893.53,130500,2,0
200,2020-10-09,1893.54,1930.44,1893.54,1930.16,142560,2,0
201,2020-10-12,1928.75,1933.19,1918.35,1922.48,149564,2,0
202,2020-10-13,1922.7,1925.44,1886.51,1891.28,175634,2,0
203,2020-10-14,1891.69,1912.94,1882.5,1900.9,156905,2,0
204,2020-10-15,1901.65,1908.95,1889.6,1908.02,171351,2,0
205,2020-10-16,1908.39,1913.94,1897.8,1898.62,140822,2,0
206,2020-10-19,1899.67,1918.48,1897.0,1903.79,148727,2,0
207,2020-10-20,1903.35,1914.1,1894.6,1907.45,138585,2,0
208,2020-10-21,1907.72,1931.38,1907.72,1924.42,142686,2,0
209,2020-10-22,1923.87,1926.0,1894.62,1903.83,135651,2,0
210,2020-10-23,1903.84,1914.2,1894.28,1901.67,105781,2,0
211,2020-10-26,1902.64,1908.62,1891.24,1902.2,127334,2,0
212,2020-10-27,1901.77,1911.36,1897.81,1907.58,102093,2,0
213,2020-10-28,1907.9,1910.88,1869.25,1877.37,148979,2,0
214,2020-10-29,1876.72,1884.97,1859.94,1867.73,149156,2,0
215,2020-10-30,1867.13,1889.81,1864.38,1878.38,157403,2,0
216,2020-11-02,1877.02,1896.04,1873.44,1895.68,136688,2,0
217,2020-11-03,1895.29,1910.57,1886.95,1909.57,115154,2,0
218,2020-11-04,1908.85,1916.43,1883.03,1903.0,198042,2,0
219,2020-11-05,1903.05,1952.76,1902.2,1949.46,171284,2,0
220,2020-11-06,1948.39,1960.36,1935.61,1951.23,155791,2,0
221,2020-11-09,1954.98,1965.51,1850.53,1862.13,208444,2,0
222,2020-11-10,1863.71,1890.39,1860.31,1877.24,172452,2,0
223,2020-11-11,1876.93,1884.47,1856.45,1865.25,127584,2,0
224,2020-11-12,1865.52,1883.87,1862.69,1876.85,129993,2,0
225,2020-11-13,1877.01,1896.82,1874.03,1889.44,112770,2,0
226,2020-11-16,1888.53,1899.06,1864.5,1888.83,141439,2,0
227,2020-11-17,1888.97,1893.44,1876.85,1880.21,117712,2,0
228,2020-11-18,1880.45,1884.84,1863.76,1872.31,113698,2,0
229,2020-11-19,1872.6,1874.08,1852.72,1866.02,112661,2,0
230,2020-11-20,1865.55,1879.73,1860.86,1870.91,91535,2,0
231,2020-11-23,1868.92,1876.12,1830.97,1837.83,113934,2,0
232,2020-11-24,1838.52,1839.0,1800.21,1807.37,153168,2,0
233,2020-11-25,1807.98,1817.73,1801.62,1807.74,103062,2,0
234,2020-11-26,1808.31,1818.24,1805.78,1810.26,60390,2,0
235,2020-11-27,1811.31,1813.83,1774.33,1786.71,100099,2,0
236,2020-11-30,1789.41,1789.89,1764.23,1776.72,135826,2,0
237,2020-12-01,1777.9,1817.3,1775.74,1815.04,109777,0,0
238,2020-12-02,1813.52,1832.41,1807.46,1830.51,104716,0,0
239,2020-12-03,1830.51,1843.95,1823.76,1840.92,109026,0,0
240,2020-12-04,1841.15,1848.23,1829.16,1838.84,90445,0,0
241,2020-12-07,1837.42,1868.54,1822.07,1862.19,105101,0,0
242,2020-12-08,1862.7,1875.29,1860.23,1870.24,101245,0,0
243,2020-12-09,1869.92,1870.52,1825.41,1839.87,146951,0,0
244,2020-12-10,1838.7,1850.01,1828.65,1836.64,141819,0,0
245,2020-12-11,1836.55,1847.71,1824.01,1839.55,126733,0,0
246,2020-12-14,1836.17,1839.03,1819.51,1827.0,116821,0,0
247,2020-12-15,1827.24,1855.39,1825.5,1853.27,121239,0,0
248,2020-12-16,1853.23,1865.76,1844.74,1864.55,147405,0,0
249,2020-12-17,1862.87,1896.21,1862.0,1885.42,144787,0,0
250,2020-12-18,1884.55,1889.65,1877.42,1880.89,122050,0,0
251,2020-12-21,1882.89,1906.74,1855.04,1876.52,191891,0,0
252,2020-12-22,1878.14,1884.28,1858.93,1859.92,159810,0,0
253,2020-12-23,1860.32,1878.51,1857.02,1873.15,140779,0,0
254,2020-12-24,1873.59,1883.15,1869.53,1879.51,82549,0,0
255,2020-12-28,1882.99,1900.24,1869.17,1873.46,186181,0,0
256,2020-12-29,1872.24,1886.38,1871.52,1878.27,103878,0,0
257,2020-12-30,1877.98,1894.51,1876.07,1894.47,95810,0,0
258,2020-12-31,1893.68,1900.41,1885.3,1893.7,95622,0,0
259,2021-01-04,1908.61,1944.44,1907.2,1942.85,160928,0,0
260,2021-01-05,1941.8,1953.03,1934.33,1950.0,145490,0,0
261,2021-01-06,1950.44,1959.35,1900.8,1918.8,201645,0,0
262,2021-01-07,1919.94,1927.67,1906.82,1913.57,152081,0,0
263,2021-01-08,1915.21,1917.51,1828.2,1849.02,218746,0,0
264,2021-01-11,1851.67,1856.58,1816.86,1843.37,180573,0,0
265,2021-01-12,1845.06,1863.8,1836.63,1854.61,155378,0,0
266,2021-01-13,1854.98,1863.04,1841.87,1844.95,127915,0,0
267,2021-01-14,1846.8,1857.53,1829.45,1846.07,157061,0,0
268,2021-01-15,1847.22,1857.02,1823.27,1827.42,170060,0,0
269,2021-01-18,1828.66,1840.79,1803.58,1837.58,112599,0,0
270,2021-01-19,1838.88,1845.5,1832.99,1840.03,134497,0,0
271,2021-01-20,1840.18,1871.73,1832.45,1871.4,151296,0,0
272,2021-01-21,1871.7,1875.13,1858.34,1869.61,148040,0,0
273,2021-01-22,1870.14,1870.82,1837.31,1856.11,162684,0,0
274,2021-01-25,1856.38,1867.88,1847.12,1855.93,167217,0,0
275,2021-01-26,1855.33,1861.71,1848.38,1850.67,129665,0,0
276,2021-01-27,1850.72,1853.13,1831.37,1844.1,160021,0,0
277,2021-01-28,1844.48,1864.05,1834.01,1842.54,197078,0,0
278,2021-01-29,1843.2,1875.66,1839.58,1848.69,226675,0,0
279,2021-02-01,1859.64,1871.82,1849.13,1860.58,254522,0,0
280,2021-02-02,1859.87,1864.08,1829.54,1837.97,202219,0,0
281,2021-02-03,1837.59,1844.98,1829.75,1834.08,147034,0,0
282,2021-02-04,1834.03,1834.74,1785.03,1793.95,181495,0,0
283,2021-02-05,1795.94,1815.17,1792.01,1813.68,147719,0,0
284,2021-02-08,1815.62,1839.13,1807.75,1830.53,151120,0,0
285,2021-02-09,1830.4,1848.59,1828.86,1838.44,142620,0,0
286,2021-02-10,1838.61,1855.39,1834.06,1843.27,148939,0,0
287,2021-02-11,1843.04,1847.55,1821.18,1825.54,127228,0,0
288,2021-02-12,1826.24,1830.7,1810.53,1824.5,134641,0,0
289,2021-02-15,1825.87,1827.02,1816.06,1818.81,80489,0,0
290,2021-02-16,1818.32,1826.45,1789.45,1794.36,179666,0,0
291,2021-02-17,1793.88,1795.16,1769.54,1776.16,198597,0,0
292,2021-02-18,1776.07,1789.66,1768.39,1775.73,194165,0,0
293,2021-02-19,1776.96,1791.63,1760.64,1783.36,201782,0,0
294,2021-02-22,1784.18,1812.66,1780.66,1809.69,208727,0,0
295,2021-02-23,1810.4,1815.99,1795.59,1805.53,188668,0,0
296,2021-02-24,1806.15,1813.85,1783.62,1804.8,207792,0,0
297,2021-02-25,1803.98,1804.3,1765.48,1769.94,279824,0,0
298,2021-02-26,1770.49,1775.78,1717.22,1734.28,298029,0,0
299,2021-03-01,1735.92,1759.83,1719.71,1724.6,223623,0,0
300,2021-03-02,1723.74,1739.14,1707.21,1738.14,212287,0,0
301,2021-03-03,1738.31,1740.55,1701.93,1710.78,204088,0,0
302,2021-03-04,1711.9,1723.23,1690.59,1697.78,247965,0,0
303,2021-03-05,1697.93,1707.71,1687.28,1700.44,229641,0,0
304,2021-03-08,1705.95,1714.3,1676.81,1683.35,231472,0,0
305,2021-03-09,1683.68,1720.66,1680.11,1715.73,198682,0,0
306,2021-03-10,1715.55,1726.78,1708.19,1726.67,181148,0,0
307,2021-03-11,1726.38,1739.86,1719.26,1722.59,173539,0,0
308,2021-03-12,1722.03,1729.26,1699.22,1728.03,186654,0,0
309,2021-03-15,1729.75,1734.57,1721.68,1731.74,155396,0,0
310,2021-03-16,1731.75,1741.22,1726.15,1731.57,149881,0,0
311,2021-03-17,1731.93,1751.63,1724.02,1745.18,164470,0,0
312,2021-03-18,1747.91,1755.51,1719.23,1736.44,201201,0,0
313,2021-03-19,1735.16,1746.72,1728.4,1745.36,167283,0,0
314,2021-03-22,1743.95,1744.41,1727.35,1738.9,156476,0,0
315,2021-03-23,1739.58,1742.56,1724.69,1726.96,154223,0,0
316,2021-03-24,1727.11,1738.52,1724.01,1734.14,136081,0,0
317,2021-03-25,1734.42,1745.5,1721.77,1726.53,159498,0,0
318,2021-03-26,1727.37,1736.75,1721.55,1732.47,131048,0,0
319,2021-03-29,1732.55,1732.89,1705.75,1711.92,132401,0,0
320,2021-03-30,1712.67,1714.43,1678.77,1684.85,166582,0,0
321,2021-03-31,1684.9,1715.31,1677.89,1707.39,155361,0,0
322,2021-04-01,1707.04,1730.5,1705.76,1729.77,141913,0,0
323,2021-04-05,1727.63,1733.56,1721.31,1728.27,103910,0,0
324,2021-04-06,1728.26,1745.5,1727.17,1743.36,127486,0,0
325,2021-04-07,1742.81,1744.34,1730.62,1737.61,121022,0,0
326,2021-04-08,1738.24,1758.7,1733.15,1755.48,121151,0,0
327,2021-04-09,1755.54,1757.35,1731.23,1743.86,128082,0,0
328,2021-04-12,1743.59,1745.08,1727.39,1732.81,122412,0,0
329,2021-04-13,1733.06,1748.95,1723.73,1745.39,135753,0,0
330,2021-04-14,1746.05,1749.38,1732.61,1736.34,120928,0,0
331,2021-04-15,1736.58,1769.68,1734.35,1763.63,129537,0,0
332,2021-04-16,1763.73,1783.87,1759.81,1776.93,132641,0,0
333,2021-04-19,1776.91,1790.06,1766.75,1771.38,117658,0,0
334,2021-04-20,1771.06,1780.47,1763.65,1778.75,101227,0,0
335,2021-04-21,1778.07,1797.68,1776.24,1793.69,87043,0,0
336,2021-04-22,1794.08,1797.85,1777.41,1784.1,92247,0,0
337,2021-04-23,1783.85,1796.03,1769.99,1776.56,87412,0,0
338,2021-04-26,1775.4,1783.54,1768.72,1781.33,83984,0,0
339,2021-04-27,1781.19,1785.56,1773.72,1776.57,81058,0,0
340,2021-04-28,1776.69,1782.59,1762.6,1781.73,91311,0,0
341,2021-04-29,1781.56,1789.97,1756.09,1771.96,87455,0,0
342,2021-04-30,1772.42,1773.63,1764.25,1768.88,84394,0,0
343,2021-05-03,1766.81,1797.92,1766.04,1793.0,77542,0,0
344,2021-05-04,1792.2,1799.11,1770.89,1778.71,92969,0,0
345,2021-05-05,1778.19,1788.0,1770.36,1786.91,73908,0,0
346,2021-05-06,1787.09,1818.11,1781.98,1814.91,90270,0,0
347,2021-05-07,1814.64,1843.29,1812.84,1831.38,98897,0,0
348,2021-05-10,1833.15,1845.54,1830.02,1835.7,99062,0,0
349,2021-05-11,1836.02,1841.86,1818.12,1837.42,107410,0,0
350,2021-05-12,1836.96,1843.71,1813.25,1815.42,115120,0,0
351,2021-05-13,1815.35,1828.77,1808.75,1826.46,106009,0,0
352,2021-05-14,1826.41,1845.74,1819.74,1843.34,88162,0,0
353,2021-05-17,1842.61,1868.48,1842.1,1866.8,90261,0,0
354,2021-05-18,1866.19,1875.02,1863.26,1869.52,85792,0,0
355,2021-05-19,1869.02,1890.04,1852.23,1869.35,113878,0,0
356,2021-05-20,1870.38,1883.84,1863.83,1877.05,100302,0,0
357,2021-05-21,1877.23,1889.45,1870.09,1881.34,93844,0,0
358,2021-05-24,1881.34,1887.03,1875.25,1880.83,81988,0,0
359,2021-05-25,1880.91,1900.28,1872.74,1899.15,88589,0,0
360,2021-05-26,1898.61,1912.75,1890.69,1896.64,93990,0,0
361,2021-05-27,1896.45,1903.65,1888.29,1896.54,90822,0,0
362,2021-05-28,1896.96,1905.91,1882.23,1903.83,91417,0,0
363,2021-05-31,1903.55,1910.64,1902.07,1906.64,53020,0,0
364,2021-06-01,1907.39,1916.6,1892.38,1900.37,89205,0,0
365,2021-06-02,1900.14,1909.02,1894.4,1908.29,77583,0,0
366,2021-06-03,1908.25,1909.61,1865.36,1870.5,92848,0,0
367,2021-06-04,1871.47,1896.21,1855.86,1891.5,85560,0,0
368,2021-06-07,1890.52,1900.13,1881.56,1899.0,74042,0,0
369,2021-06-08,1899.28,1903.64,1883.77,1892.86,72910,0,0
370,2021-06-09,1892.05,1898.92,1887.35,1888.6,70497,0,0
371,2021-06-10,1888.87,1899.88,1869.87,1898.44,84526,0,0
372,2021-06-11,1898.09,1903.04,1874.51,1876.19,83574,0,0
373,2021-06-14,1876.6,1877.66,1844.76,1866.09,84969,0,0
374,2021-06-15,1866.32,1869.16,1851.65,1858.75,76043,0,0
375,2021-06-16,1859.33,1863.03,1803.47,1811.95,84683,0,0
376,2021-06-17,1812.73,1825.3,1767.19,1773.15,134020,0,0
377,2021-06-18,1774.99,1797.13,1760.87,1764.2,117274,0,0
378,2021-06-21,1768.08,1786.54,1766.42,1782.97,109893,0,0
379,2021-06-22,1783.77,1790.1,1772.44,1778.76,92605,0,0
380,2021-06-23,1779.47,1794.94,1773.32,1778.86,84514,0,0
381,2021-06-24,1778.63,1788.06,1772.9,1774.95,81710,0,0
382,2021-06-25,1776.32,1790.43,1773.7,1781.26,75322,0,0
383,2021-06-28,1781.86,1785.84,1770.64,1778.08,81290,0,0
384,2021-06-29,1778.51,1778.92,1750.67,1761.12,82176,0,0
385,2021-06-30,1762.04,1774.37,1753.38,1770.37,79915,0,0
386,2021-07-01,1770.04,1782.85,1765.73,1776.73,78967,0,0
387,2021-07-02,1776.88,1795.08,1774.29,1787.47,74664,0,0
388,2021-07-05,1787.49,1794.44,1784.48,1791.76,39547,0,0
389,2021-07-06,1791.54,1815.0,1790.1,1797.13,86098,0,0
390,2021-07-07,1796.16,1809.84,1793.86,1803.66,90874,0,0
391,2021-07-08,1803.71,1818.34,1794.68,1802.36,109734,0,0
392,2021-07-09,1802.87,1812.37,1796.67,1808.28,84814,0,0
393,2021-07-12,1807.69,1810.82,1791.68,1806.12,80802,0,0
394,2021-07-13,1806.3,1817.05,1798.68,1807.6,80616,0,0
395,2021-07-14,1808.06,1829.75,1804.56,1827.42,90106,0,0
396,2021-07-15,1827.29,1834.14,1820.29,1829.5,95900,0,0
397,2021-07-16,1829.69,1832.06,1808.43,1811.55,83819,0,0
398,2021-07-19,1811.64,1817.28,1795.0,1812.76,98311,0,0
399,2021-07-20,1812.88,1824.89,1805.07,1810.33,88402,0,0
400,2021-07-21,1810.43,1813.75,1794.68,1803.41,84087,0,0
401,2021-07-22,1803.65,1808.05,1792.77,1806.62,78546,0,0
402,2021-07-23,1806.9,1810.31,1790.11,1802.04,72717,0,0
403,2021-07-26,1802.25,1811.49,1796.41,1797.47,78561,0,0
404,2021-07-27,1798.07,1805.27,1793.68,1798.92,85619,0,0
405,2021-07-28,1800.04,1809.79,1792.44,1806.96,82360,0,0
406,2021-07-29,1807.31,1832.65,1807.12,1827.97,78205,0,0
407,2021-07-30,1828.52,1831.28,1810.3,1814.09,73216,0,0
408,2021-08-02,1813.83,1819.56,1805.8,1813.48,77396,0,0
409,2021-08-03,1813.11,1815.02,1807.15,1810.31,70245,0,0
410,2021-08-04,1810.31,1831.72,1806.43,1811.82,74118,0,0
411,2021-08-05,1812.05,1814.88,1797.84,1804.03,66207,0,0
412,2021-08-06,1804.62,1804.77,1758.68,1763.44,81646,0,0
413,2021-08-09,1764.43,1764.46,1679.17,1729.47,113113,0,0
414,2021-08-10,1729.68,1738.31,1717.74,1729.1,80607,0,0
415,2021-08-11,1729.43,1754.41,1724.03,1751.54,88240,0,0
416,2021-08-12,1751.26,1758.18,1741.64,1752.64,73606,0,0
417,2021-08-13,1752.99,1779.93,1751.73,1779.38,68342,0,0
418,2021-08-16,1779.9,1789.27,1770.82,1787.11,81146,0,0
419,2021-08-17,1787.16,1795.51,1780.56,1785.93,77055,0,0
